question,role,answer,keywords,assigned_experience,confidence
Tell me about a time you had to learn something completely new quickly.,DevOps Engineer,"I'm always eager to learn and embrace change as a way to improve. For example, I once had to switch to a new tech stack and picked it up quickly. Tell me about a time you had to learn something completely new quickly.","['flexible', 'change']",any,0.6092548491817011
Describe a time you handled a difficult situation professionally.,Product Manager,"When faced with conflict, I approach it calmly and try to understand all perspectives before finding a solution together. Describe a time you handled a difficult situation professionally.","['problem', 'disagree']",any,0.630891609378978
Where do you see yourself in 5 years?,Data Scientist,My long-term goal is to grow into a senior role where I can contribute more strategically and mentor others. This role brings me closer to that. Where do you see yourself in 5 years?,"['aspiration', 'dream']",mid_level,0.6512420774993313
Tell me about a conflict you had with a coworker and how you resolved it.,Marketing Associate,"When faced with conflict, I approach it calmly and try to understand all perspectives before finding a solution together. Tell me about a conflict you had with a coworker and how you resolved it.","['problem', 'disagree']",any,0.5877152065246958
What skills do you hope to develop in your next role?,Marketing Associate,My long-term goal is to grow into a senior role where I can contribute more strategically and mentor others. This role brings me closer to that. What skills do you hope to develop in your next role?,"['future', 'aspiration']",any,0.6708835293906545
What's the most significant change you've had to adapt to at work?,DevOps Engineer,"I'm always eager to learn and embrace change as a way to improve. For example, I once had to switch to a new tech stack and picked it up quickly. What's the most significant change you've had to adapt to at work?","['learn', 'adjust']",any,0.6343110601733808
How does this role fit into your career path?,Software Engineer,My long-term goal is to grow into a senior role where I can contribute more strategically and mentor others. This role brings me closer to that. How does this role fit into your career path?,"['dream', 'plan']",any,0.66916617535785
Tell me about a time you worked well within a team.,Product Manager,"I believe communication and mutual respect are key to successful collaboration. In one project, we achieved X because of great teamwork. Tell me about a time you worked well within a team.","['team', 'collaboration']",mid_level,0.6095365370799304
What are your expectations from leadership in a company?,Marketing Associate,"I thrive in collaborative, transparent environments where innovation and respect are valued. What are your expectations from leadership in a company?","['fit', 'company']",mid_level,0.6158078016450874
What motivates you to come to work every day?,Data Scientist,I'm motivated by challenges and the opportunity to grow both personally and professionally. What motivates you to come to work every day?,"['why', 'reason']",any,0.6589920496599331
Where do you see yourself in 5 years?,QA Analyst,My long-term goal is to grow into a senior role where I can contribute more strategically and mentor others. This role brings me closer to that. Where do you see yourself in 5 years?,"['next step', 'plan']",mid_level,0.6512420774993313
How do you motivate others in a leadership role?,Marketing Associate,"I lead by example and encourage open communication and accountability. One time, I led a team through X and we achieved Y. How do you motivate others in a leadership role?","['guide', 'mentor']",any,0.6041215272173295
What tools or methods help you stay organized?,QA Analyst,I follow a structured workflow and use tools like Jira/Trello/Notion to manage my tasks efficiently. What tools or methods help you stay organized?,"['daily routine', 'method']",mid_level,0.5429343870270478
How do you build trust with new teammates?,Marketing Associate,"I believe communication and mutual respect are key to successful collaboration. In one project, we achieved X because of great teamwork. How do you build trust with new teammates?","['cooperate', 'team']",mid_level,0.5800251487331429
How do you build trust with new teammates?,DevOps Engineer,"I believe communication and mutual respect are key to successful collaboration. In one project, we achieved X because of great teamwork. How do you build trust with new teammates?","['cooperate', 'partner']",mid_level,0.5800251487331429
Describe a time you felt out of place in a workplace culture.,Software Engineer,"I thrive in collaborative, transparent environments where innovation and respect are valued. Describe a time you felt out of place in a workplace culture.","['value', 'environment']",any,0.5611656836178668
Do you prefer working independently or in teams? Why?,DevOps Engineer,I follow a structured workflow and use tools like Jira/Trello/Notion to manage my tasks efficiently. Do you prefer working independently or in teams? Why?,"['workflow', 'process']",mid_level,0.6035942443430691
Describe a time you led a project or team.,UX Designer,"I lead by example and encourage open communication and accountability. One time, I led a team through X and we achieved Y. Describe a time you led a project or team.","['mentor', 'manage']",mid_level,0.5805009257607419
How do you delegate tasks effectively?,HR Specialist,"I lead by example and encourage open communication and accountability. One time, I led a team through X and we achieved Y. How do you delegate tasks effectively?","['supervise', 'manage']",mid_level,0.6119947794292914
Where do you see yourself in 5 years?,Marketing Associate,My long-term goal is to grow into a senior role where I can contribute more strategically and mentor others. This role brings me closer to that. Where do you see yourself in 5 years?,"['dream', 'aspiration']",mid_level,0.6512420774993313
How do you align with our company values?,UX Designer,"I thrive in collaborative, transparent environments where innovation and respect are valued. How do you align with our company values?","['company', 'fit']",mid_level,0.5609550289143999
Tell me about a time you had to learn something completely new quickly.,QA Analyst,"I'm always eager to learn and embrace change as a way to improve. For example, I once had to switch to a new tech stack and picked it up quickly. Tell me about a time you had to learn something completely new quickly.","['adjust', 'change']",any,0.6092548491817011
How do you delegate tasks effectively?,Marketing Associate,"I lead by example and encourage open communication and accountability. One time, I led a team through X and we achieved Y. How do you delegate tasks effectively?","['lead', 'supervise']",mid_level,0.6119947794292914
Where do you see yourself in 5 years?,Product Manager,My long-term goal is to grow into a senior role where I can contribute more strategically and mentor others. This role brings me closer to that. Where do you see yourself in 5 years?,"['plan', 'aspiration']",mid_level,0.6512420774993313
Why do you want to work at our company?,Marketing Associate,I'm motivated by challenges and the opportunity to grow both personally and professionally. Why do you want to work at our company?,"['inspiration', 'why']",any,0.6853387195664871
What's the most significant change you've had to adapt to at work?,Software Engineer,"I'm always eager to learn and embrace change as a way to improve. For example, I once had to switch to a new tech stack and picked it up quickly. What's the most significant change you've had to adapt to at work?","['flexible', 'learn']",any,0.6343110601733808
What makes a good leader in your opinion?,Software Engineer,"I lead by example and encourage open communication and accountability. One time, I led a team through X and we achieved Y. What makes a good leader in your opinion?","['mentor', 'guide']",mid_level,0.5828105239229249
What are your long-term career aspirations?,DevOps Engineer,My long-term goal is to grow into a senior role where I can contribute more strategically and mentor others. This role brings me closer to that. What are your long-term career aspirations?,"['next step', 'aspiration']",any,0.6780763217595874
Describe your ideal workday.,Product Manager,I follow a structured workflow and use tools like Jira/Trello/Notion to manage my tasks efficiently. Describe your ideal workday.,"['method', 'workflow']",any,0.5694512799133864
How do you deal with feedback that you disagree with?,Product Manager,"When faced with conflict, I approach it calmly and try to understand all perspectives before finding a solution together. How do you deal with feedback that you disagree with?","['resolve', 'conflict']",mid_level,0.5820424610841821
How do you build trust with new teammates?,Data Scientist,"I believe communication and mutual respect are key to successful collaboration. In one project, we achieved X because of great teamwork. How do you build trust with new teammates?","['collaboration', 'cooperate']",mid_level,0.5800251487331429
How do you delegate tasks effectively?,Software Engineer,"I lead by example and encourage open communication and accountability. One time, I led a team through X and we achieved Y. How do you delegate tasks effectively?","['manage', 'guide']",mid_level,0.6119947794292914
What role do you usually play in group settings?,Software Engineer,"I believe communication and mutual respect are key to successful collaboration. In one project, we achieved X because of great teamwork. What role do you usually play in group settings?","['team', 'cooperate']",mid_level,0.6147891765208853
What motivates you to come to work every day?,DevOps Engineer,I'm motivated by challenges and the opportunity to grow both personally and professionally. What motivates you to come to work every day?,"['why', 'inspiration']",any,0.6589920496599331
How do you align with our company values?,HR Specialist,"I thrive in collaborative, transparent environments where innovation and respect are valued. How do you align with our company values?","['culture', 'value']",mid_level,0.5609550289143999
How do you build trust with new teammates?,UX Designer,"I believe communication and mutual respect are key to successful collaboration. In one project, we achieved X because of great teamwork. How do you build trust with new teammates?","['partner', 'collaboration']",mid_level,0.5800251487331429
What would you do if you disagreed with your manager?,Software Engineer,"When faced with conflict, I approach it calmly and try to understand all perspectives before finding a solution together. What would you do if you disagreed with your manager?","['challenge', 'problem']",mid_level,0.5842937726866274
Tell me about a time you were highly motivated to achieve a goal.,Data Scientist,I'm motivated by challenges and the opportunity to grow both personally and professionally. Tell me about a time you were highly motivated to achieve a goal.,"['goal', 'reason']",any,0.6544439494041097
How do you contribute to a positive team environment?,HR Specialist,"I thrive in collaborative, transparent environments where innovation and respect are valued. How do you contribute to a positive team environment?","['culture', 'environment']",mid_level,0.5952123811686885
What drives your passion for this field?,DevOps Engineer,I'm motivated by challenges and the opportunity to grow both personally and professionally. What drives your passion for this field?,"['reason', 'why']",any,0.654426397435019
Do you prefer working independently or in teams? Why?,UX Designer,I follow a structured workflow and use tools like Jira/Trello/Notion to manage my tasks efficiently. Do you prefer working independently or in teams? Why?,"['method', 'tool']",mid_level,0.6035942443430691
How do you react to sudden changes in priorities?,Data Scientist,"I'm always eager to learn and embrace change as a way to improve. For example, I once had to switch to a new tech stack and picked it up quickly. How do you react to sudden changes in priorities?","['adjust', 'change']",any,0.5713747576556423
Why do you want to work at our company?,Data Scientist,I'm motivated by challenges and the opportunity to grow both personally and professionally. Why do you want to work at our company?,"['reason', 'passion']",any,0.6853387195664871
What tools or methods help you stay organized?,Product Manager,I follow a structured workflow and use tools like Jira/Trello/Notion to manage my tasks efficiently. What tools or methods help you stay organized?,"['daily routine', 'method']",mid_level,0.5429343870270478
How does this role fit into your career path?,UX Designer,My long-term goal is to grow into a senior role where I can contribute more strategically and mentor others. This role brings me closer to that. How does this role fit into your career path?,"['future', 'plan']",any,0.66916617535785
How do you respond when a teammate isn't pulling their weight?,HR Specialist,"When faced with conflict, I approach it calmly and try to understand all perspectives before finding a solution together. How do you respond when a teammate isn't pulling their weight?","['challenge', 'disagree']",any,0.5563463388832078
Do you prefer working independently or in teams? Why?,Product Manager,I follow a structured workflow and use tools like Jira/Trello/Notion to manage my tasks efficiently. Do you prefer working independently or in teams? Why?,"['process', 'method']",mid_level,0.6035942443430691
What would you do if you disagreed with your manager?,Product Manager,"When faced with conflict, I approach it calmly and try to understand all perspectives before finding a solution together. What would you do if you disagreed with your manager?","['problem', 'challenge']",mid_level,0.5842937726866274
Tell me about a time you mentored someone.,Software Engineer,"I lead by example and encourage open communication and accountability. One time, I led a team through X and we achieved Y. Tell me about a time you mentored someone.","['manage', 'mentor']",any,0.5979879250524729
How do you ensure productivity when working remotely?,Marketing Associate,I follow a structured workflow and use tools like Jira/Trello/Notion to manage my tasks efficiently. How do you ensure productivity when working remotely?,"['process', 'tool']",mid_level,0.589584654464786
How do you react to sudden changes in priorities?,Product Manager,"I'm always eager to learn and embrace change as a way to improve. For example, I once had to switch to a new tech stack and picked it up quickly. How do you react to sudden changes in priorities?","['flexible', 'adjust']",any,0.5713747576556423
How do you stay motivated during repetitive tasks?,Software Engineer,I'm motivated by challenges and the opportunity to grow both personally and professionally. How do you stay motivated during repetitive tasks?,"['inspiration', 'passion']",any,0.6631777644004297
How do you stay motivated during repetitive tasks?,Data Scientist,I'm motivated by challenges and the opportunity to grow both personally and professionally. How do you stay motivated during repetitive tasks?,"['reason', 'drive']",any,0.6631777644004297
How do you deal with feedback that you disagree with?,HR Specialist,"When faced with conflict, I approach it calmly and try to understand all perspectives before finding a solution together. How do you deal with feedback that you disagree with?","['challenge', 'problem']",mid_level,0.5820424610841821
How do you align with our company values?,QA Analyst,"I thrive in collaborative, transparent environments where innovation and respect are valued. How do you align with our company values?","['fit', 'value']",mid_level,0.5609550289143999
How do you organize and prioritize your daily tasks?,HR Specialist,I follow a structured workflow and use tools like Jira/Trello/Notion to manage my tasks efficiently. How do you organize and prioritize your daily tasks?,"['tool', 'process']",mid_level,0.5653404198400958
Tell me about a time you were highly motivated to achieve a goal.,UX Designer,I'm motivated by challenges and the opportunity to grow both personally and professionally. Tell me about a time you were highly motivated to achieve a goal.,"['passion', 'drive']",any,0.6544439494041097
Describe a time you felt out of place in a workplace culture.,Marketing Associate,"I thrive in collaborative, transparent environments where innovation and respect are valued. Describe a time you felt out of place in a workplace culture.","['company', 'belief']",any,0.5611656836178668
What's the most significant change you've had to adapt to at work?,Data Scientist,"I'm always eager to learn and embrace change as a way to improve. For example, I once had to switch to a new tech stack and picked it up quickly. What's the most significant change you've had to adapt to at work?","['new', 'change']",any,0.6343110601733808
How do you deal with feedback that you disagree with?,QA Analyst,"When faced with conflict, I approach it calmly and try to understand all perspectives before finding a solution together. How do you deal with feedback that you disagree with?","['conflict', 'resolve']",mid_level,0.5820424610841821
How do you build trust with new teammates?,HR Specialist,"I believe communication and mutual respect are key to successful collaboration. In one project, we achieved X because of great teamwork. How do you build trust with new teammates?","['group', 'partner']",mid_level,0.5800251487331429
What would you do if you disagreed with your manager?,UX Designer,"When faced with conflict, I approach it calmly and try to understand all perspectives before finding a solution together. What would you do if you disagreed with your manager?","['challenge', 'conflict']",mid_level,0.5842937726866274
What type of company culture do you thrive in?,Software Engineer,"I thrive in collaborative, transparent environments where innovation and respect are valued. What type of company culture do you thrive in?","['company', 'culture']",any,0.59637880382563
How do you stay motivated during repetitive tasks?,UX Designer,I'm motivated by challenges and the opportunity to grow both personally and professionally. How do you stay motivated during repetitive tasks?,"['goal', 'why']",any,0.6631777644004297
How do you stay motivated during repetitive tasks?,Marketing Associate,I'm motivated by challenges and the opportunity to grow both personally and professionally. How do you stay motivated during repetitive tasks?,"['passion', 'inspiration']",any,0.6631777644004297
How do you organize and prioritize your daily tasks?,UX Designer,I follow a structured workflow and use tools like Jira/Trello/Notion to manage my tasks efficiently. How do you organize and prioritize your daily tasks?,"['process', 'workflow']",mid_level,0.5653404198400958
Do you prefer working independently or in teams? Why?,HR Specialist,I follow a structured workflow and use tools like Jira/Trello/Notion to manage my tasks efficiently. Do you prefer working independently or in teams? Why?,"['method', 'workflow']",mid_level,0.6035942443430691
Describe a time you felt out of place in a workplace culture.,Data Scientist,"I thrive in collaborative, transparent environments where innovation and respect are valued. Describe a time you felt out of place in a workplace culture.","['culture', 'belief']",any,0.5611656836178668
How do you react to sudden changes in priorities?,QA Analyst,"I'm always eager to learn and embrace change as a way to improve. For example, I once had to switch to a new tech stack and picked it up quickly. How do you react to sudden changes in priorities?","['adjust', 'new']",any,0.5713747576556423
What are your long-term career aspirations?,Product Manager,My long-term goal is to grow into a senior role where I can contribute more strategically and mentor others. This role brings me closer to that. What are your long-term career aspirations?,"['dream', 'plan']",any,0.6780763217595874
What motivates you to come to work every day?,QA Analyst,I'm motivated by challenges and the opportunity to grow both personally and professionally. What motivates you to come to work every day?,"['goal', 'passion']",any,0.6589920496599331
Describe a time you led a project or team.,DevOps Engineer,"I lead by example and encourage open communication and accountability. One time, I led a team through X and we achieved Y. Describe a time you led a project or team.","['lead', 'supervise']",mid_level,0.5805009257607419
What role do you usually play in group settings?,UX Designer,"I believe communication and mutual respect are key to successful collaboration. In one project, we achieved X because of great teamwork. What role do you usually play in group settings?","['cooperate', 'partner']",mid_level,0.6147891765208853
What skills do you hope to develop in your next role?,Product Manager,My long-term goal is to grow into a senior role where I can contribute more strategically and mentor others. This role brings me closer to that. What skills do you hope to develop in your next role?,"['aspiration', 'dream']",any,0.6708835293906545
How do you handle disagreements within a team?,Data Scientist,"I believe communication and mutual respect are key to successful collaboration. In one project, we achieved X because of great teamwork. How do you handle disagreements within a team?","['partner', 'group']",mid_level,0.6235858193041857
What's the most significant change you've had to adapt to at work?,HR Specialist,"I'm always eager to learn and embrace change as a way to improve. For example, I once had to switch to a new tech stack and picked it up quickly. What's the most significant change you've had to adapt to at work?","['adjust', 'new']",any,0.6343110601733808
What skills do you hope to develop in your next role?,DevOps Engineer,My long-term goal is to grow into a senior role where I can contribute more strategically and mentor others. This role brings me closer to that. What skills do you hope to develop in your next role?,"['dream', 'plan']",any,0.6708835293906545
What role do you usually play in group settings?,HR Specialist,"I believe communication and mutual respect are key to successful collaboration. In one project, we achieved X because of great teamwork. What role do you usually play in group settings?","['group', 'collaboration']",mid_level,0.6147891765208853
How do you respond when a teammate isn't pulling their weight?,UX Designer,"When faced with conflict, I approach it calmly and try to understand all perspectives before finding a solution together. How do you respond when a teammate isn't pulling their weight?","['problem', 'disagree']",any,0.5563463388832078
Tell me about a time you were highly motivated to achieve a goal.,DevOps Engineer,I'm motivated by challenges and the opportunity to grow both personally and professionally. Tell me about a time you were highly motivated to achieve a goal.,"['why', 'passion']",any,0.6544439494041097
What are your long-term career aspirations?,HR Specialist,My long-term goal is to grow into a senior role where I can contribute more strategically and mentor others. This role brings me closer to that. What are your long-term career aspirations?,"['next step', 'future']",any,0.6780763217595874
Describe a project where teamwork was essential to success.,Product Manager,"I believe communication and mutual respect are key to successful collaboration. In one project, we achieved X because of great teamwork. Describe a project where teamwork was essential to success.","['partner', 'team']",mid_level,0.6113010655257185
How do you respond when a teammate isn't pulling their weight?,Data Scientist,"When faced with conflict, I approach it calmly and try to understand all perspectives before finding a solution together. How do you respond when a teammate isn't pulling their weight?","['problem', 'conflict']",any,0.5563463388832078
How do you contribute to a positive team environment?,Marketing Associate,"I thrive in collaborative, transparent environments where innovation and respect are valued. How do you contribute to a positive team environment?","['culture', 'value']",mid_level,0.5952123811686885
Describe a time you failed and what you learned from it.,QA Analyst,"I'm always eager to learn and embrace change as a way to improve. For example, I once had to switch to a new tech stack and picked it up quickly. Describe a time you failed and what you learned from it.","['change', 'flexible']",any,0.5919535201268675
Describe a project where teamwork was essential to success.,Data Scientist,"I believe communication and mutual respect are key to successful collaboration. In one project, we achieved X because of great teamwork. Describe a project where teamwork was essential to success.","['team', 'group']",mid_level,0.6113010655257185
Describe a time you led a project or team.,Software Engineer,"I lead by example and encourage open communication and accountability. One time, I led a team through X and we achieved Y. Describe a time you led a project or team.","['guide', 'lead']",mid_level,0.5805009257607419
How do you organize and prioritize your daily tasks?,Software Engineer,I follow a structured workflow and use tools like Jira/Trello/Notion to manage my tasks efficiently. How do you organize and prioritize your daily tasks?,"['tool', 'workflow']",mid_level,0.5653404198400958
What role do you usually play in group settings?,Data Scientist,"I believe communication and mutual respect are key to successful collaboration. In one project, we achieved X because of great teamwork. What role do you usually play in group settings?","['partner', 'cooperate']",mid_level,0.6147891765208853
Describe a time you felt out of place in a workplace culture.,UX Designer,"I thrive in collaborative, transparent environments where innovation and respect are valued. Describe a time you felt out of place in a workplace culture.","['belief', 'culture']",any,0.5611656836178668
What drives your passion for this field?,Marketing Associate,I'm motivated by challenges and the opportunity to grow both personally and professionally. What drives your passion for this field?,"['drive', 'inspiration']",any,0.654426397435019
Describe a time you handled a difficult situation professionally.,Software Engineer,"When faced with conflict, I approach it calmly and try to understand all perspectives before finding a solution together. Describe a time you handled a difficult situation professionally.","['problem', 'challenge']",any,0.630891609378978
What motivates you to come to work every day?,Software Engineer,I'm motivated by challenges and the opportunity to grow both personally and professionally. What motivates you to come to work every day?,"['reason', 'why']",any,0.6589920496599331
How do you handle disagreements within a team?,DevOps Engineer,"I believe communication and mutual respect are key to successful collaboration. In one project, we achieved X because of great teamwork. How do you handle disagreements within a team?","['team', 'cooperate']",mid_level,0.6235858193041857
Where do you see yourself in 5 years?,DevOps Engineer,My long-term goal is to grow into a senior role where I can contribute more strategically and mentor others. This role brings me closer to that. Where do you see yourself in 5 years?,"['aspiration', 'plan']",mid_level,0.6512420774993313
Tell me about a conflict you had with a coworker and how you resolved it.,UX Designer,"When faced with conflict, I approach it calmly and try to understand all perspectives before finding a solution together. Tell me about a conflict you had with a coworker and how you resolved it.","['conflict', 'resolve']",any,0.5877152065246958
How do you stay updated with industry trends?,QA Analyst,"I'm always eager to learn and embrace change as a way to improve. For example, I once had to switch to a new tech stack and picked it up quickly. How do you stay updated with industry trends?","['learn', 'adjust']",any,0.6019669730945518
What type of company culture do you thrive in?,Marketing Associate,"I thrive in collaborative, transparent environments where innovation and respect are valued. What type of company culture do you thrive in?","['value', 'environment']",any,0.59637880382563
How do you deal with feedback that you disagree with?,Data Scientist,"When faced with conflict, I approach it calmly and try to understand all perspectives before finding a solution together. How do you deal with feedback that you disagree with?","['resolve', 'disagree']",mid_level,0.5820424610841821
Describe your ideal workday.,Data Scientist,I follow a structured workflow and use tools like Jira/Trello/Notion to manage my tasks efficiently. Describe your ideal workday.,"['tool', 'process']",any,0.5694512799133864
What are your long-term career aspirations?,QA Analyst,My long-term goal is to grow into a senior role where I can contribute more strategically and mentor others. This role brings me closer to that. What are your long-term career aspirations?,"['plan', 'next step']",any,0.6780763217595874
Tell me about a conflict you had with a coworker and how you resolved it.,DevOps Engineer,"When faced with conflict, I approach it calmly and try to understand all perspectives before finding a solution together. Tell me about a conflict you had with a coworker and how you resolved it.","['problem', 'conflict']",any,0.5877152065246958
What drives your passion for this field?,Data Scientist,I'm motivated by challenges and the opportunity to grow both personally and professionally. What drives your passion for this field?,"['reason', 'inspiration']",any,0.654426397435019
Why do you want to work at our company?,Product Manager,I'm motivated by challenges and the opportunity to grow both personally and professionally. Why do you want to work at our company?,"['why', 'goal']",any,0.6853387195664871
What makes a good leader in your opinion?,Product Manager,"I lead by example and encourage open communication and accountability. One time, I led a team through X and we achieved Y. What makes a good leader in your opinion?","['lead', 'guide']",mid_level,0.5828105239229249
How do you stay updated with industry trends?,Marketing Associate,"I'm always eager to learn and embrace change as a way to improve. For example, I once had to switch to a new tech stack and picked it up quickly. How do you stay updated with industry trends?","['new', 'learn']",any,0.6019669730945518
What role do you usually play in group settings?,Marketing Associate,"I believe communication and mutual respect are key to successful collaboration. In one project, we achieved X because of great teamwork. What role do you usually play in group settings?","['team', 'collaboration']",mid_level,0.6147891765208853
How do you align with our company values?,Software Engineer,"I thrive in collaborative, transparent environments where innovation and respect are valued. How do you align with our company values?","['fit', 'value']",mid_level,0.5609550289143999
Tell me about a conflict you had with a coworker and how you resolved it.,Software Engineer,"When faced with conflict, I approach it calmly and try to understand all perspectives before finding a solution together. Tell me about a conflict you had with a coworker and how you resolved it.","['problem', 'disagree']",any,0.5877152065246958
What tools or methods help you stay organized?,DevOps Engineer,I follow a structured workflow and use tools like Jira/Trello/Notion to manage my tasks efficiently. What tools or methods help you stay organized?,"['method', 'tool']",mid_level,0.5429343870270478
Why do you want to work at our company?,UX Designer,I'm motivated by challenges and the opportunity to grow both personally and professionally. Why do you want to work at our company?,"['inspiration', 'goal']",any,0.6853387195664871
Describe a time you felt out of place in a workplace culture.,HR Specialist,"I thrive in collaborative, transparent environments where innovation and respect are valued. Describe a time you felt out of place in a workplace culture.","['company', 'environment']",any,0.5611656836178668
What skills do you hope to develop in your next role?,HR Specialist,My long-term goal is to grow into a senior role where I can contribute more strategically and mentor others. This role brings me closer to that. What skills do you hope to develop in your next role?,"['plan', 'future']",any,0.6708835293906545
Describe a time you led a project or team.,Data Scientist,"I lead by example and encourage open communication and accountability. One time, I led a team through X and we achieved Y. Describe a time you led a project or team.","['guide', 'supervise']",mid_level,0.5805009257607419
Tell me about a time you worked well within a team.,QA Analyst,"I believe communication and mutual respect are key to successful collaboration. In one project, we achieved X because of great teamwork. Tell me about a time you worked well within a team.","['group', 'partner']",mid_level,0.6095365370799304
How do you deal with feedback that you disagree with?,UX Designer,"When faced with conflict, I approach it calmly and try to understand all perspectives before finding a solution together. How do you deal with feedback that you disagree with?","['conflict', 'resolve']",mid_level,0.5820424610841821
How do you organize and prioritize your daily tasks?,Product Manager,I follow a structured workflow and use tools like Jira/Trello/Notion to manage my tasks efficiently. How do you organize and prioritize your daily tasks?,"['process', 'daily routine']",mid_level,0.5653404198400958
What role do you usually play in group settings?,DevOps Engineer,"I believe communication and mutual respect are key to successful collaboration. In one project, we achieved X because of great teamwork. What role do you usually play in group settings?","['collaboration', 'team']",mid_level,0.6147891765208853
How do you contribute to a positive team environment?,QA Analyst,"I thrive in collaborative, transparent environments where innovation and respect are valued. How do you contribute to a positive team environment?","['environment', 'belief']",mid_level,0.5952123811686885
How do you stay motivated during repetitive tasks?,HR Specialist,I'm motivated by challenges and the opportunity to grow both personally and professionally. How do you stay motivated during repetitive tasks?,"['reason', 'inspiration']",any,0.6631777644004297
Tell me about a time you worked well within a team.,UX Designer,"I believe communication and mutual respect are key to successful collaboration. In one project, we achieved X because of great teamwork. Tell me about a time you worked well within a team.","['group', 'team']",mid_level,0.6095365370799304
Describe a time you handled a difficult situation professionally.,UX Designer,"When faced with conflict, I approach it calmly and try to understand all perspectives before finding a solution together. Describe a time you handled a difficult situation professionally.","['conflict', 'problem']",any,0.630891609378978
What are your expectations from leadership in a company?,Software Engineer,"I thrive in collaborative, transparent environments where innovation and respect are valued. What are your expectations from leadership in a company?","['fit', 'company']",mid_level,0.6158078016450874
What type of company culture do you thrive in?,Data Scientist,"I thrive in collaborative, transparent environments where innovation and respect are valued. What type of company culture do you thrive in?","['company', 'belief']",any,0.59637880382563
How do you contribute to a positive team environment?,UX Designer,"I thrive in collaborative, transparent environments where innovation and respect are valued. How do you contribute to a positive team environment?","['environment', 'company']",mid_level,0.5952123811686885
Tell me about a time you mentored someone.,QA Analyst,"I lead by example and encourage open communication and accountability. One time, I led a team through X and we achieved Y. Tell me about a time you mentored someone.","['lead', 'supervise']",any,0.5979879250524729
How do you motivate others in a leadership role?,Data Scientist,"I lead by example and encourage open communication and accountability. One time, I led a team through X and we achieved Y. How do you motivate others in a leadership role?","['guide', 'manage']",any,0.6041215272173295
Tell me about a time you were highly motivated to achieve a goal.,Marketing Associate,I'm motivated by challenges and the opportunity to grow both personally and professionally. Tell me about a time you were highly motivated to achieve a goal.,"['inspiration', 'goal']",any,0.6544439494041097
What are your long-term career aspirations?,Marketing Associate,My long-term goal is to grow into a senior role where I can contribute more strategically and mentor others. This role brings me closer to that. What are your long-term career aspirations?,"['aspiration', 'next step']",any,0.6780763217595874
How do you build trust with new teammates?,Product Manager,"I believe communication and mutual respect are key to successful collaboration. In one project, we achieved X because of great teamwork. How do you build trust with new teammates?","['partner', 'cooperate']",mid_level,0.5800251487331429
Tell me about a time you were highly motivated to achieve a goal.,HR Specialist,I'm motivated by challenges and the opportunity to grow both personally and professionally. Tell me about a time you were highly motivated to achieve a goal.,"['reason', 'inspiration']",any,0.6544439494041097
Describe your ideal workday.,Marketing Associate,I follow a structured workflow and use tools like Jira/Trello/Notion to manage my tasks efficiently. Describe your ideal workday.,"['process', 'tool']",any,0.5694512799133864
How do you stay updated with industry trends?,Data Scientist,"I'm always eager to learn and embrace change as a way to improve. For example, I once had to switch to a new tech stack and picked it up quickly. How do you stay updated with industry trends?","['new', 'learn']",any,0.6019669730945518
Describe a time you led a project or team.,Marketing Associate,"I lead by example and encourage open communication and accountability. One time, I led a team through X and we achieved Y. Describe a time you led a project or team.","['mentor', 'manage']",mid_level,0.5805009257607419
Describe your ideal workday.,DevOps Engineer,I follow a structured workflow and use tools like Jira/Trello/Notion to manage my tasks efficiently. Describe your ideal workday.,"['method', 'tool']",any,0.5694512799133864
How do you react to sudden changes in priorities?,UX Designer,"I'm always eager to learn and embrace change as a way to improve. For example, I once had to switch to a new tech stack and picked it up quickly. How do you react to sudden changes in priorities?","['change', 'adjust']",any,0.5713747576556423
What motivates you to come to work every day?,HR Specialist,I'm motivated by challenges and the opportunity to grow both personally and professionally. What motivates you to come to work every day?,"['goal', 'inspiration']",any,0.6589920496599331
How does this role fit into your career path?,Marketing Associate,My long-term goal is to grow into a senior role where I can contribute more strategically and mentor others. This role brings me closer to that. How does this role fit into your career path?,"['dream', 'future']",any,0.66916617535785
How do you stay updated with industry trends?,DevOps Engineer,"I'm always eager to learn and embrace change as a way to improve. For example, I once had to switch to a new tech stack and picked it up quickly. How do you stay updated with industry trends?","['learn', 'change']",any,0.6019669730945518
What kind of growth opportunities are you looking for?,DevOps Engineer,My long-term goal is to grow into a senior role where I can contribute more strategically and mentor others. This role brings me closer to that. What kind of growth opportunities are you looking for?,"['dream', 'plan']",any,0.6445479207707807
How do you organize and prioritize your daily tasks?,Data Scientist,I follow a structured workflow and use tools like Jira/Trello/Notion to manage my tasks efficiently. How do you organize and prioritize your daily tasks?,"['process', 'daily routine']",mid_level,0.5653404198400958
How do you deal with feedback that you disagree with?,Software Engineer,"When faced with conflict, I approach it calmly and try to understand all perspectives before finding a solution together. How do you deal with feedback that you disagree with?","['challenge', 'disagree']",mid_level,0.5820424610841821
How do you handle disagreements within a team?,Product Manager,"I believe communication and mutual respect are key to successful collaboration. In one project, we achieved X because of great teamwork. How do you handle disagreements within a team?","['group', 'team']",mid_level,0.6235858193041857
What drives your passion for this field?,QA Analyst,I'm motivated by challenges and the opportunity to grow both personally and professionally. What drives your passion for this field?,"['drive', 'inspiration']",any,0.654426397435019
How do you react to sudden changes in priorities?,HR Specialist,"I'm always eager to learn and embrace change as a way to improve. For example, I once had to switch to a new tech stack and picked it up quickly. How do you react to sudden changes in priorities?","['flexible', 'adjust']",any,0.5713747576556423
How do you respond when a teammate isn't pulling their weight?,Product Manager,"When faced with conflict, I approach it calmly and try to understand all perspectives before finding a solution together. How do you respond when a teammate isn't pulling their weight?","['disagree', 'conflict']",any,0.5563463388832078
What kind of growth opportunities are you looking for?,QA Analyst,My long-term goal is to grow into a senior role where I can contribute more strategically and mentor others. This role brings me closer to that. What kind of growth opportunities are you looking for?,"['plan', 'next step']",any,0.6445479207707807
What skills do you hope to develop in your next role?,QA Analyst,My long-term goal is to grow into a senior role where I can contribute more strategically and mentor others. This role brings me closer to that. What skills do you hope to develop in your next role?,"['future', 'next step']",any,0.6708835293906545
Why do you want to work at our company?,QA Analyst,I'm motivated by challenges and the opportunity to grow both personally and professionally. Why do you want to work at our company?,"['passion', 'inspiration']",any,0.6853387195664871
Tell me about a time you mentored someone.,UX Designer,"I lead by example and encourage open communication and accountability. One time, I led a team through X and we achieved Y. Tell me about a time you mentored someone.","['manage', 'guide']",any,0.5979879250524729
How does this role fit into your career path?,HR Specialist,My long-term goal is to grow into a senior role where I can contribute more strategically and mentor others. This role brings me closer to that. How does this role fit into your career path?,"['aspiration', 'next step']",any,0.66916617535785
Tell me about a time you had to learn something completely new quickly.,UX Designer,"I'm always eager to learn and embrace change as a way to improve. For example, I once had to switch to a new tech stack and picked it up quickly. Tell me about a time you had to learn something completely new quickly.","['adjust', 'change']",any,0.6092548491817011
What motivates you to come to work every day?,UX Designer,I'm motivated by challenges and the opportunity to grow both personally and professionally. What motivates you to come to work every day?,"['drive', 'passion']",any,0.6589920496599331
How do you contribute to a positive team environment?,DevOps Engineer,"I thrive in collaborative, transparent environments where innovation and respect are valued. How do you contribute to a positive team environment?","['environment', 'fit']",mid_level,0.5952123811686885
How do you organize and prioritize your daily tasks?,QA Analyst,I follow a structured workflow and use tools like Jira/Trello/Notion to manage my tasks efficiently. How do you organize and prioritize your daily tasks?,"['process', 'method']",mid_level,0.5653404198400958
How do you ensure productivity when working remotely?,UX Designer,I follow a structured workflow and use tools like Jira/Trello/Notion to manage my tasks efficiently. How do you ensure productivity when working remotely?,"['process', 'method']",mid_level,0.589584654464786
Describe a time you failed and what you learned from it.,Data Scientist,"I'm always eager to learn and embrace change as a way to improve. For example, I once had to switch to a new tech stack and picked it up quickly. Describe a time you failed and what you learned from it.","['change', 'adjust']",any,0.5919535201268675
What makes a good leader in your opinion?,QA Analyst,"I lead by example and encourage open communication and accountability. One time, I led a team through X and we achieved Y. What makes a good leader in your opinion?","['lead', 'mentor']",mid_level,0.5828105239229249
How do you stay motivated during repetitive tasks?,Product Manager,I'm motivated by challenges and the opportunity to grow both personally and professionally. How do you stay motivated during repetitive tasks?,"['goal', 'passion']",any,0.6631777644004297
What motivates you to come to work every day?,Marketing Associate,I'm motivated by challenges and the opportunity to grow both personally and professionally. What motivates you to come to work every day?,"['inspiration', 'goal']",any,0.6589920496599331
What role do you usually play in group settings?,QA Analyst,"I believe communication and mutual respect are key to successful collaboration. In one project, we achieved X because of great teamwork. What role do you usually play in group settings?","['group', 'partner']",mid_level,0.6147891765208853
What type of company culture do you thrive in?,DevOps Engineer,"I thrive in collaborative, transparent environments where innovation and respect are valued. What type of company culture do you thrive in?","['fit', 'company']",any,0.59637880382563
What kind of growth opportunities are you looking for?,UX Designer,My long-term goal is to grow into a senior role where I can contribute more strategically and mentor others. This role brings me closer to that. What kind of growth opportunities are you looking for?,"['future', 'plan']",any,0.6445479207707807
How do you stay updated with industry trends?,UX Designer,"I'm always eager to learn and embrace change as a way to improve. For example, I once had to switch to a new tech stack and picked it up quickly. How do you stay updated with industry trends?","['new', 'flexible']",any,0.6019669730945518
How do you align with our company values?,Data Scientist,"I thrive in collaborative, transparent environments where innovation and respect are valued. How do you align with our company values?","['fit', 'company']",mid_level,0.5609550289143999
How do you align with our company values?,Marketing Associate,"I thrive in collaborative, transparent environments where innovation and respect are valued. How do you align with our company values?","['company', 'belief']",mid_level,0.5609550289143999
How do you stay motivated during repetitive tasks?,DevOps Engineer,I'm motivated by challenges and the opportunity to grow both personally and professionally. How do you stay motivated during repetitive tasks?,"['drive', 'why']",any,0.6631777644004297
How do you ensure productivity when working remotely?,Product Manager,I follow a structured workflow and use tools like Jira/Trello/Notion to manage my tasks efficiently. How do you ensure productivity when working remotely?,"['tool', 'daily routine']",mid_level,0.589584654464786
What's the most significant change you've had to adapt to at work?,Marketing Associate,"I'm always eager to learn and embrace change as a way to improve. For example, I once had to switch to a new tech stack and picked it up quickly. What's the most significant change you've had to adapt to at work?","['learn', 'change']",any,0.6343110601733808
Describe a time you failed and what you learned from it.,Product Manager,"I'm always eager to learn and embrace change as a way to improve. For example, I once had to switch to a new tech stack and picked it up quickly. Describe a time you failed and what you learned from it.","['flexible', 'change']",any,0.5919535201268675
What would you do if you disagreed with your manager?,DevOps Engineer,"When faced with conflict, I approach it calmly and try to understand all perspectives before finding a solution together. What would you do if you disagreed with your manager?","['resolve', 'disagree']",mid_level,0.5842937726866274
Describe your ideal workday.,HR Specialist,I follow a structured workflow and use tools like Jira/Trello/Notion to manage my tasks efficiently. Describe your ideal workday.,"['workflow', 'method']",any,0.5694512799133864
What's the most significant change you've had to adapt to at work?,QA Analyst,"I'm always eager to learn and embrace change as a way to improve. For example, I once had to switch to a new tech stack and picked it up quickly. What's the most significant change you've had to adapt to at work?","['change', 'new']",any,0.6343110601733808
Tell me about a conflict you had with a coworker and how you resolved it.,Data Scientist,"When faced with conflict, I approach it calmly and try to understand all perspectives before finding a solution together. Tell me about a conflict you had with a coworker and how you resolved it.","['problem', 'conflict']",any,0.5877152065246958
How do you motivate others in a leadership role?,QA Analyst,"I lead by example and encourage open communication and accountability. One time, I led a team through X and we achieved Y. How do you motivate others in a leadership role?","['lead', 'supervise']",any,0.6041215272173295
How do you ensure productivity when working remotely?,Software Engineer,I follow a structured workflow and use tools like Jira/Trello/Notion to manage my tasks efficiently. How do you ensure productivity when working remotely?,"['daily routine', 'process']",mid_level,0.589584654464786
How do you build trust with new teammates?,QA Analyst,"I believe communication and mutual respect are key to successful collaboration. In one project, we achieved X because of great teamwork. How do you build trust with new teammates?","['collaboration', 'group']",mid_level,0.5800251487331429
Where do you see yourself in 5 years?,UX Designer,My long-term goal is to grow into a senior role where I can contribute more strategically and mentor others. This role brings me closer to that. Where do you see yourself in 5 years?,"['next step', 'aspiration']",mid_level,0.6512420774993313
How do you align with our company values?,Product Manager,"I thrive in collaborative, transparent environments where innovation and respect are valued. How do you align with our company values?","['fit', 'company']",mid_level,0.5609550289143999
What skills do you hope to develop in your next role?,Data Scientist,My long-term goal is to grow into a senior role where I can contribute more strategically and mentor others. This role brings me closer to that. What skills do you hope to develop in your next role?,"['aspiration', 'dream']",any,0.6708835293906545
Do you prefer working independently or in teams? Why?,Software Engineer,I follow a structured workflow and use tools like Jira/Trello/Notion to manage my tasks efficiently. Do you prefer working independently or in teams? Why?,"['process', 'daily routine']",mid_level,0.6035942443430691
What would you do if you disagreed with your manager?,HR Specialist,"When faced with conflict, I approach it calmly and try to understand all perspectives before finding a solution together. What would you do if you disagreed with your manager?","['disagree', 'problem']",mid_level,0.5842937726866274
How do you handle disagreements within a team?,UX Designer,"I believe communication and mutual respect are key to successful collaboration. In one project, we achieved X because of great teamwork. How do you handle disagreements within a team?","['cooperate', 'partner']",mid_level,0.6235858193041857
How do you respond when a teammate isn't pulling their weight?,Marketing Associate,"When faced with conflict, I approach it calmly and try to understand all perspectives before finding a solution together. How do you respond when a teammate isn't pulling their weight?","['resolve', 'disagree']",any,0.5563463388832078
How do you respond when a teammate isn't pulling their weight?,QA Analyst,"When faced with conflict, I approach it calmly and try to understand all perspectives before finding a solution together. How do you respond when a teammate isn't pulling their weight?","['problem', 'conflict']",any,0.5563463388832078
How do you motivate others in a leadership role?,Software Engineer,"I lead by example and encourage open communication and accountability. One time, I led a team through X and we achieved Y. How do you motivate others in a leadership role?","['supervise', 'guide']",any,0.6041215272173295
How do you align with our company values?,DevOps Engineer,"I thrive in collaborative, transparent environments where innovation and respect are valued. How do you align with our company values?","['company', 'environment']",mid_level,0.5609550289143999
What tools or methods help you stay organized?,HR Specialist,I follow a structured workflow and use tools like Jira/Trello/Notion to manage my tasks efficiently. What tools or methods help you stay organized?,"['method', 'tool']",mid_level,0.5429343870270478
Tell me about a time you worked well within a team.,DevOps Engineer,"I believe communication and mutual respect are key to successful collaboration. In one project, we achieved X because of great teamwork. Tell me about a time you worked well within a team.","['cooperate', 'partner']",mid_level,0.6095365370799304
How does this role fit into your career path?,Data Scientist,My long-term goal is to grow into a senior role where I can contribute more strategically and mentor others. This role brings me closer to that. How does this role fit into your career path?,"['dream', 'future']",any,0.66916617535785
Describe a time you failed and what you learned from it.,UX Designer,"I'm always eager to learn and embrace change as a way to improve. For example, I once had to switch to a new tech stack and picked it up quickly. Describe a time you failed and what you learned from it.","['learn', 'new']",any,0.5919535201268675
What are your expectations from leadership in a company?,Data Scientist,"I thrive in collaborative, transparent environments where innovation and respect are valued. What are your expectations from leadership in a company?","['culture', 'fit']",mid_level,0.6158078016450874
What are your expectations from leadership in a company?,QA Analyst,"I thrive in collaborative, transparent environments where innovation and respect are valued. What are your expectations from leadership in a company?","['value', 'company']",mid_level,0.6158078016450874
What type of company culture do you thrive in?,HR Specialist,"I thrive in collaborative, transparent environments where innovation and respect are valued. What type of company culture do you thrive in?","['culture', 'company']",any,0.59637880382563
Describe a project where teamwork was essential to success.,DevOps Engineer,"I believe communication and mutual respect are key to successful collaboration. In one project, we achieved X because of great teamwork. Describe a project where teamwork was essential to success.","['group', 'partner']",mid_level,0.6113010655257185
What are your expectations from leadership in a company?,Product Manager,"I thrive in collaborative, transparent environments where innovation and respect are valued. What are your expectations from leadership in a company?","['fit', 'value']",mid_level,0.6158078016450874
What tools or methods help you stay organized?,Data Scientist,I follow a structured workflow and use tools like Jira/Trello/Notion to manage my tasks efficiently. What tools or methods help you stay organized?,"['method', 'tool']",mid_level,0.5429343870270478
Tell me about a time you had to learn something completely new quickly.,Data Scientist,"I'm always eager to learn and embrace change as a way to improve. For example, I once had to switch to a new tech stack and picked it up quickly. Tell me about a time you had to learn something completely new quickly.","['change', 'adjust']",any,0.6092548491817011
Tell me about a time you mentored someone.,DevOps Engineer,"I lead by example and encourage open communication and accountability. One time, I led a team through X and we achieved Y. Tell me about a time you mentored someone.","['manage', 'lead']",any,0.5979879250524729
How do you deal with feedback that you disagree with?,Marketing Associate,"When faced with conflict, I approach it calmly and try to understand all perspectives before finding a solution together. How do you deal with feedback that you disagree with?","['disagree', 'challenge']",mid_level,0.5820424610841821
Where do you see yourself in 5 years?,Software Engineer,My long-term goal is to grow into a senior role where I can contribute more strategically and mentor others. This role brings me closer to that. Where do you see yourself in 5 years?,"['dream', 'plan']",mid_level,0.6512420774993313
How do you stay motivated during repetitive tasks?,QA Analyst,I'm motivated by challenges and the opportunity to grow both personally and professionally. How do you stay motivated during repetitive tasks?,"['reason', 'inspiration']",any,0.6631777644004297
How do you handle disagreements within a team?,Software Engineer,"I believe communication and mutual respect are key to successful collaboration. In one project, we achieved X because of great teamwork. How do you handle disagreements within a team?","['team', 'cooperate']",mid_level,0.6235858193041857
What type of company culture do you thrive in?,Product Manager,"I thrive in collaborative, transparent environments where innovation and respect are valued. What type of company culture do you thrive in?","['culture', 'fit']",any,0.59637880382563
What tools or methods help you stay organized?,Marketing Associate,I follow a structured workflow and use tools like Jira/Trello/Notion to manage my tasks efficiently. What tools or methods help you stay organized?,"['tool', 'process']",mid_level,0.5429343870270478
What drives your passion for this field?,UX Designer,I'm motivated by challenges and the opportunity to grow both personally and professionally. What drives your passion for this field?,"['drive', 'inspiration']",any,0.654426397435019
How does this role fit into your career path?,QA Analyst,My long-term goal is to grow into a senior role where I can contribute more strategically and mentor others. This role brings me closer to that. How does this role fit into your career path?,"['next step', 'aspiration']",any,0.66916617535785
Tell me about a time you worked well within a team.,Marketing Associate,"I believe communication and mutual respect are key to successful collaboration. In one project, we achieved X because of great teamwork. Tell me about a time you worked well within a team.","['team', 'group']",mid_level,0.6095365370799304
Describe a time you failed and what you learned from it.,Software Engineer,"I'm always eager to learn and embrace change as a way to improve. For example, I once had to switch to a new tech stack and picked it up quickly. Describe a time you failed and what you learned from it.","['new', 'flexible']",any,0.5919535201268675
How do you organize and prioritize your daily tasks?,DevOps Engineer,I follow a structured workflow and use tools like Jira/Trello/Notion to manage my tasks efficiently. How do you organize and prioritize your daily tasks?,"['process', 'tool']",mid_level,0.5653404198400958
How do you contribute to a positive team environment?,Product Manager,"I thrive in collaborative, transparent environments where innovation and respect are valued. How do you contribute to a positive team environment?","['belief', 'culture']",mid_level,0.5952123811686885
What's the most significant change you've had to adapt to at work?,Product Manager,"I'm always eager to learn and embrace change as a way to improve. For example, I once had to switch to a new tech stack and picked it up quickly. What's the most significant change you've had to adapt to at work?","['change', 'flexible']",any,0.6343110601733808
Describe your ideal workday.,UX Designer,I follow a structured workflow and use tools like Jira/Trello/Notion to manage my tasks efficiently. Describe your ideal workday.,"['process', 'daily routine']",any,0.5694512799133864
What kind of growth opportunities are you looking for?,Data Scientist,My long-term goal is to grow into a senior role where I can contribute more strategically and mentor others. This role brings me closer to that. What kind of growth opportunities are you looking for?,"['aspiration', 'future']",any,0.6445479207707807
How does this role fit into your career path?,Product Manager,My long-term goal is to grow into a senior role where I can contribute more strategically and mentor others. This role brings me closer to that. How does this role fit into your career path?,"['plan', 'aspiration']",any,0.66916617535785
How do you contribute to a positive team environment?,Software Engineer,"I thrive in collaborative, transparent environments where innovation and respect are valued. How do you contribute to a positive team environment?","['belief', 'culture']",mid_level,0.5952123811686885
Tell me about a conflict you had with a coworker and how you resolved it.,Product Manager,"When faced with conflict, I approach it calmly and try to understand all perspectives before finding a solution together. Tell me about a conflict you had with a coworker and how you resolved it.","['challenge', 'disagree']",any,0.5877152065246958
Describe a time you handled a difficult situation professionally.,HR Specialist,"When faced with conflict, I approach it calmly and try to understand all perspectives before finding a solution together. Describe a time you handled a difficult situation professionally.","['conflict', 'problem']",any,0.630891609378978
Describe a project where teamwork was essential to success.,UX Designer,"I believe communication and mutual respect are key to successful collaboration. In one project, we achieved X because of great teamwork. Describe a project where teamwork was essential to success.","['partner', 'cooperate']",mid_level,0.6113010655257185
How do you delegate tasks effectively?,Product Manager,"I lead by example and encourage open communication and accountability. One time, I led a team through X and we achieved Y. How do you delegate tasks effectively?","['lead', 'mentor']",mid_level,0.6119947794292914
Tell me about a time you had to learn something completely new quickly.,Software Engineer,"I'm always eager to learn and embrace change as a way to improve. For example, I once had to switch to a new tech stack and picked it up quickly. Tell me about a time you had to learn something completely new quickly.","['learn', 'new']",any,0.6092548491817011
Tell me about a time you worked well within a team.,Software Engineer,"I believe communication and mutual respect are key to successful collaboration. In one project, we achieved X because of great teamwork. Tell me about a time you worked well within a team.","['collaboration', 'cooperate']",mid_level,0.6095365370799304
Describe a project where teamwork was essential to success.,Software Engineer,"I believe communication and mutual respect are key to successful collaboration. In one project, we achieved X because of great teamwork. Describe a project where teamwork was essential to success.","['group', 'partner']",mid_level,0.6113010655257185
What are your long-term career aspirations?,Data Scientist,My long-term goal is to grow into a senior role where I can contribute more strategically and mentor others. This role brings me closer to that. What are your long-term career aspirations?,"['future', 'next step']",any,0.6780763217595874
How do you motivate others in a leadership role?,DevOps Engineer,"I lead by example and encourage open communication and accountability. One time, I led a team through X and we achieved Y. How do you motivate others in a leadership role?","['lead', 'supervise']",any,0.6041215272173295
Describe a time you handled a difficult situation professionally.,Data Scientist,"When faced with conflict, I approach it calmly and try to understand all perspectives before finding a solution together. Describe a time you handled a difficult situation professionally.","['resolve', 'conflict']",any,0.630891609378978
Describe a time you failed and what you learned from it.,DevOps Engineer,"I'm always eager to learn and embrace change as a way to improve. For example, I once had to switch to a new tech stack and picked it up quickly. Describe a time you failed and what you learned from it.","['learn', 'new']",any,0.5919535201268675
Tell me about a time you worked well within a team.,HR Specialist,"I believe communication and mutual respect are key to successful collaboration. In one project, we achieved X because of great teamwork. Tell me about a time you worked well within a team.","['team', 'collaboration']",mid_level,0.6095365370799304
How do you ensure productivity when working remotely?,HR Specialist,I follow a structured workflow and use tools like Jira/Trello/Notion to manage my tasks efficiently. How do you ensure productivity when working remotely?,"['daily routine', 'method']",mid_level,0.589584654464786
Describe a time you led a project or team.,Product Manager,"I lead by example and encourage open communication and accountability. One time, I led a team through X and we achieved Y. Describe a time you led a project or team.","['mentor', 'manage']",mid_level,0.5805009257607419
Tell me about a time you were highly motivated to achieve a goal.,Product Manager,I'm motivated by challenges and the opportunity to grow both personally and professionally. Tell me about a time you were highly motivated to achieve a goal.,"['goal', 'drive']",any,0.6544439494041097
How do you organize and prioritize your daily tasks?,Marketing Associate,I follow a structured workflow and use tools like Jira/Trello/Notion to manage my tasks efficiently. How do you organize and prioritize your daily tasks?,"['process', 'workflow']",mid_level,0.5653404198400958
Tell me about a time you were highly motivated to achieve a goal.,Software Engineer,I'm motivated by challenges and the opportunity to grow both personally and professionally. Tell me about a time you were highly motivated to achieve a goal.,"['drive', 'why']",any,0.6544439494041097
How do you ensure productivity when working remotely?,DevOps Engineer,I follow a structured workflow and use tools like Jira/Trello/Notion to manage my tasks efficiently. How do you ensure productivity when working remotely?,"['daily routine', 'workflow']",mid_level,0.589584654464786
How do you ensure productivity when working remotely?,Data Scientist,I follow a structured workflow and use tools like Jira/Trello/Notion to manage my tasks efficiently. How do you ensure productivity when working remotely?,"['daily routine', 'tool']",mid_level,0.589584654464786
Describe a time you led a project or team.,HR Specialist,"I lead by example and encourage open communication and accountability. One time, I led a team through X and we achieved Y. Describe a time you led a project or team.","['supervise', 'manage']",mid_level,0.5805009257607419
Describe a time you handled a difficult situation professionally.,DevOps Engineer,"When faced with conflict, I approach it calmly and try to understand all perspectives before finding a solution together. Describe a time you handled a difficult situation professionally.","['problem', 'conflict']",any,0.630891609378978
What role do you usually play in group settings?,Product Manager,"I believe communication and mutual respect are key to successful collaboration. In one project, we achieved X because of great teamwork. What role do you usually play in group settings?","['group', 'collaboration']",mid_level,0.6147891765208853
What kind of growth opportunities are you looking for?,Software Engineer,My long-term goal is to grow into a senior role where I can contribute more strategically and mentor others. This role brings me closer to that. What kind of growth opportunities are you looking for?,"['aspiration', 'plan']",any,0.6445479207707807
What kind of growth opportunities are you looking for?,Marketing Associate,My long-term goal is to grow into a senior role where I can contribute more strategically and mentor others. This role brings me closer to that. What kind of growth opportunities are you looking for?,"['aspiration', 'plan']",any,0.6445479207707807
Describe a time you felt out of place in a workplace culture.,DevOps Engineer,"I thrive in collaborative, transparent environments where innovation and respect are valued. Describe a time you felt out of place in a workplace culture.","['company', 'value']",any,0.5611656836178668
Describe your ideal workday.,Software Engineer,I follow a structured workflow and use tools like Jira/Trello/Notion to manage my tasks efficiently. Describe your ideal workday.,"['process', 'tool']",any,0.5694512799133864
Why do you want to work at our company?,HR Specialist,I'm motivated by challenges and the opportunity to grow both personally and professionally. Why do you want to work at our company?,"['goal', 'reason']",any,0.6853387195664871
How do you react to sudden changes in priorities?,Software Engineer,"I'm always eager to learn and embrace change as a way to improve. For example, I once had to switch to a new tech stack and picked it up quickly. How do you react to sudden changes in priorities?","['change', 'new']",any,0.5713747576556423
Describe a time you felt out of place in a workplace culture.,Product Manager,"I thrive in collaborative, transparent environments where innovation and respect are valued. Describe a time you felt out of place in a workplace culture.","['fit', 'culture']",any,0.5611656836178668
Describe a project where teamwork was essential to success.,HR Specialist,"I believe communication and mutual respect are key to successful collaboration. In one project, we achieved X because of great teamwork. Describe a project where teamwork was essential to success.","['group', 'cooperate']",mid_level,0.6113010655257185
How do you build trust with new teammates?,Software Engineer,"I believe communication and mutual respect are key to successful collaboration. In one project, we achieved X because of great teamwork. How do you build trust with new teammates?","['group', 'partner']",mid_level,0.5800251487331429
What tools or methods help you stay organized?,Software Engineer,I follow a structured workflow and use tools like Jira/Trello/Notion to manage my tasks efficiently. What tools or methods help you stay organized?,"['method', 'tool']",mid_level,0.5429343870270478
How do you react to sudden changes in priorities?,Marketing Associate,"I'm always eager to learn and embrace change as a way to improve. For example, I once had to switch to a new tech stack and picked it up quickly. How do you react to sudden changes in priorities?","['adjust', 'new']",any,0.5713747576556423
How do you deal with feedback that you disagree with?,DevOps Engineer,"When faced with conflict, I approach it calmly and try to understand all perspectives before finding a solution together. How do you deal with feedback that you disagree with?","['challenge', 'disagree']",mid_level,0.5820424610841821
Do you prefer working independently or in teams? Why?,QA Analyst,I follow a structured workflow and use tools like Jira/Trello/Notion to manage my tasks efficiently. Do you prefer working independently or in teams? Why?,"['tool', 'method']",mid_level,0.6035942443430691
What type of company culture do you thrive in?,UX Designer,"I thrive in collaborative, transparent environments where innovation and respect are valued. What type of company culture do you thrive in?","['belief', 'value']",any,0.59637880382563
Tell me about a time you worked well within a team.,Data Scientist,"I believe communication and mutual respect are key to successful collaboration. In one project, we achieved X because of great teamwork. Tell me about a time you worked well within a team.","['group', 'cooperate']",mid_level,0.6095365370799304
How do you respond when a teammate isn't pulling their weight?,DevOps Engineer,"When faced with conflict, I approach it calmly and try to understand all perspectives before finding a solution together. How do you respond when a teammate isn't pulling their weight?","['challenge', 'problem']",any,0.5563463388832078
Tell me about a time you had to learn something completely new quickly.,Marketing Associate,"I'm always eager to learn and embrace change as a way to improve. For example, I once had to switch to a new tech stack and picked it up quickly. Tell me about a time you had to learn something completely new quickly.","['learn', 'flexible']",any,0.6092548491817011
How do you motivate others in a leadership role?,HR Specialist,"I lead by example and encourage open communication and accountability. One time, I led a team through X and we achieved Y. How do you motivate others in a leadership role?","['manage', 'guide']",any,0.6041215272173295
What would you do if you disagreed with your manager?,Data Scientist,"When faced with conflict, I approach it calmly and try to understand all perspectives before finding a solution together. What would you do if you disagreed with your manager?","['challenge', 'problem']",mid_level,0.5842937726866274
Tell me about a time you had to learn something completely new quickly.,HR Specialist,"I'm always eager to learn and embrace change as a way to improve. For example, I once had to switch to a new tech stack and picked it up quickly. Tell me about a time you had to learn something completely new quickly.","['change', 'flexible']",any,0.6092548491817011
How do you ensure productivity when working remotely?,QA Analyst,I follow a structured workflow and use tools like Jira/Trello/Notion to manage my tasks efficiently. How do you ensure productivity when working remotely?,"['daily routine', 'process']",mid_level,0.589584654464786
What drives your passion for this field?,HR Specialist,I'm motivated by challenges and the opportunity to grow both personally and professionally. What drives your passion for this field?,"['passion', 'drive']",any,0.654426397435019
What are your expectations from leadership in a company?,HR Specialist,"I thrive in collaborative, transparent environments where innovation and respect are valued. What are your expectations from leadership in a company?","['culture', 'value']",mid_level,0.6158078016450874
Describe a time you failed and what you learned from it.,HR Specialist,"I'm always eager to learn and embrace change as a way to improve. For example, I once had to switch to a new tech stack and picked it up quickly. Describe a time you failed and what you learned from it.","['flexible', 'change']",any,0.5919535201268675
Tell me about a time you mentored someone.,Marketing Associate,"I lead by example and encourage open communication and accountability. One time, I led a team through X and we achieved Y. Tell me about a time you mentored someone.","['lead', 'guide']",any,0.5979879250524729
What makes a good leader in your opinion?,UX Designer,"I lead by example and encourage open communication and accountability. One time, I led a team through X and we achieved Y. What makes a good leader in your opinion?","['lead', 'manage']",mid_level,0.5828105239229249
How do you delegate tasks effectively?,UX Designer,"I lead by example and encourage open communication and accountability. One time, I led a team through X and we achieved Y. How do you delegate tasks effectively?","['lead', 'guide']",mid_level,0.6119947794292914
What are your expectations from leadership in a company?,UX Designer,"I thrive in collaborative, transparent environments where innovation and respect are valued. What are your expectations from leadership in a company?","['belief', 'value']",mid_level,0.6158078016450874
How do you delegate tasks effectively?,DevOps Engineer,"I lead by example and encourage open communication and accountability. One time, I led a team through X and we achieved Y. How do you delegate tasks effectively?","['supervise', 'lead']",mid_level,0.6119947794292914
Do you prefer working independently or in teams? Why?,Marketing Associate,I follow a structured workflow and use tools like Jira/Trello/Notion to manage my tasks efficiently. Do you prefer working independently or in teams? Why?,"['daily routine', 'method']",mid_level,0.6035942443430691
How do you stay updated with industry trends?,Product Manager,"I'm always eager to learn and embrace change as a way to improve. For example, I once had to switch to a new tech stack and picked it up quickly. How do you stay updated with industry trends?","['change', 'flexible']",any,0.6019669730945518
Describe a time you handled a difficult situation professionally.,Marketing Associate,"When faced with conflict, I approach it calmly and try to understand all perspectives before finding a solution together. Describe a time you handled a difficult situation professionally.","['conflict', 'challenge']",any,0.630891609378978
What would you do if you disagreed with your manager?,Marketing Associate,"When faced with conflict, I approach it calmly and try to understand all perspectives before finding a solution together. What would you do if you disagreed with your manager?","['resolve', 'conflict']",mid_level,0.5842937726866274
What kind of growth opportunities are you looking for?,HR Specialist,My long-term goal is to grow into a senior role where I can contribute more strategically and mentor others. This role brings me closer to that. What kind of growth opportunities are you looking for?,"['next step', 'dream']",any,0.6445479207707807
Describe a time you felt out of place in a workplace culture.,QA Analyst,"I thrive in collaborative, transparent environments where innovation and respect are valued. Describe a time you felt out of place in a workplace culture.","['culture', 'company']",any,0.5611656836178668
Tell me about a conflict you had with a coworker and how you resolved it.,HR Specialist,"When faced with conflict, I approach it calmly and try to understand all perspectives before finding a solution together. Tell me about a conflict you had with a coworker and how you resolved it.","['problem', 'disagree']",any,0.5877152065246958
What are your long-term career aspirations?,Software Engineer,My long-term goal is to grow into a senior role where I can contribute more strategically and mentor others. This role brings me closer to that. What are your long-term career aspirations?,"['future', 'next step']",any,0.6780763217595874
What tools or methods help you stay organized?,UX Designer,I follow a structured workflow and use tools like Jira/Trello/Notion to manage my tasks efficiently. What tools or methods help you stay organized?,"['method', 'daily routine']",mid_level,0.5429343870270478
Why do you want to work at our company?,DevOps Engineer,I'm motivated by challenges and the opportunity to grow both personally and professionally. Why do you want to work at our company?,"['passion', 'drive']",any,0.6853387195664871
How do you motivate others in a leadership role?,Product Manager,"I lead by example and encourage open communication and accountability. One time, I led a team through X and we achieved Y. How do you motivate others in a leadership role?","['lead', 'guide']",any,0.6041215272173295
What makes a good leader in your opinion?,Marketing Associate,"I lead by example and encourage open communication and accountability. One time, I led a team through X and we achieved Y. What makes a good leader in your opinion?","['mentor', 'lead']",mid_level,0.5828105239229249
How do you stay updated with industry trends?,HR Specialist,"I'm always eager to learn and embrace change as a way to improve. For example, I once had to switch to a new tech stack and picked it up quickly. How do you stay updated with industry trends?","['learn', 'adjust']",any,0.6019669730945518
What makes a good leader in your opinion?,HR Specialist,"I lead by example and encourage open communication and accountability. One time, I led a team through X and we achieved Y. What makes a good leader in your opinion?","['lead', 'guide']",mid_level,0.5828105239229249
Describe your ideal workday.,QA Analyst,I follow a structured workflow and use tools like Jira/Trello/Notion to manage my tasks efficiently. Describe your ideal workday.,"['tool', 'process']",any,0.5694512799133864
How do you motivate others in a leadership role?,UX Designer,"I lead by example and encourage open communication and accountability. One time, I led a team through X and we achieved Y. How do you motivate others in a leadership role?","['supervise', 'lead']",any,0.6041215272173295
What are your expectations from leadership in a company?,DevOps Engineer,"I thrive in collaborative, transparent environments where innovation and respect are valued. What are your expectations from leadership in a company?","['fit', 'environment']",mid_level,0.6158078016450874
What kind of growth opportunities are you looking for?,Product Manager,My long-term goal is to grow into a senior role where I can contribute more strategically and mentor others. This role brings me closer to that. What kind of growth opportunities are you looking for?,"['next step', 'aspiration']",any,0.6445479207707807
Tell me about a time you were highly motivated to achieve a goal.,QA Analyst,I'm motivated by challenges and the opportunity to grow both personally and professionally. Tell me about a time you were highly motivated to achieve a goal.,"['drive', 'reason']",any,0.6544439494041097
How do you react to sudden changes in priorities?,DevOps Engineer,"I'm always eager to learn and embrace change as a way to improve. For example, I once had to switch to a new tech stack and picked it up quickly. How do you react to sudden changes in priorities?","['flexible', 'learn']",any,0.5713747576556423
What's the most significant change you've had to adapt to at work?,UX Designer,"I'm always eager to learn and embrace change as a way to improve. For example, I once had to switch to a new tech stack and picked it up quickly. What's the most significant change you've had to adapt to at work?","['adjust', 'new']",any,0.6343110601733808
How do you handle disagreements within a team?,HR Specialist,"I believe communication and mutual respect are key to successful collaboration. In one project, we achieved X because of great teamwork. How do you handle disagreements within a team?","['group', 'collaboration']",mid_level,0.6235858193041857
Describe a project where teamwork was essential to success.,QA Analyst,"I believe communication and mutual respect are key to successful collaboration. In one project, we achieved X because of great teamwork. Describe a project where teamwork was essential to success.","['collaboration', 'partner']",mid_level,0.6113010655257185
What would you do if you disagreed with your manager?,QA Analyst,"When faced with conflict, I approach it calmly and try to understand all perspectives before finding a solution together. What would you do if you disagreed with your manager?","['disagree', 'challenge']",mid_level,0.5842937726866274
How do you delegate tasks effectively?,QA Analyst,"I lead by example and encourage open communication and accountability. One time, I led a team through X and we achieved Y. How do you delegate tasks effectively?","['mentor', 'supervise']",mid_level,0.6119947794292914
Tell me about a time you mentored someone.,Product Manager,"I lead by example and encourage open communication and accountability. One time, I led a team through X and we achieved Y. Tell me about a time you mentored someone.","['supervise', 'mentor']",any,0.5979879250524729
How do you stay updated with industry trends?,Software Engineer,"I'm always eager to learn and embrace change as a way to improve. For example, I once had to switch to a new tech stack and picked it up quickly. How do you stay updated with industry trends?","['new', 'change']",any,0.6019669730945518
What skills do you hope to develop in your next role?,Software Engineer,My long-term goal is to grow into a senior role where I can contribute more strategically and mentor others. This role brings me closer to that. What skills do you hope to develop in your next role?,"['future', 'aspiration']",any,0.6708835293906545
Describe a time you led a project or team.,QA Analyst,"I lead by example and encourage open communication and accountability. One time, I led a team through X and we achieved Y. Describe a time you led a project or team.","['mentor', 'guide']",mid_level,0.5805009257607419
What skills do you hope to develop in your next role?,UX Designer,My long-term goal is to grow into a senior role where I can contribute more strategically and mentor others. This role brings me closer to that. What skills do you hope to develop in your next role?,"['dream', 'next step']",any,0.6708835293906545
What drives your passion for this field?,Product Manager,I'm motivated by challenges and the opportunity to grow both personally and professionally. What drives your passion for this field?,"['goal', 'drive']",any,0.654426397435019
Do you prefer working independently or in teams? Why?,Data Scientist,I follow a structured workflow and use tools like Jira/Trello/Notion to manage my tasks efficiently. Do you prefer working independently or in teams? Why?,"['process', 'workflow']",mid_level,0.6035942443430691
Tell me about a conflict you had with a coworker and how you resolved it.,QA Analyst,"When faced with conflict, I approach it calmly and try to understand all perspectives before finding a solution together. Tell me about a conflict you had with a coworker and how you resolved it.","['disagree', 'challenge']",any,0.5877152065246958
How do you handle disagreements within a team?,QA Analyst,"I believe communication and mutual respect are key to successful collaboration. In one project, we achieved X because of great teamwork. How do you handle disagreements within a team?","['group', 'cooperate']",mid_level,0.6235858193041857
How do you respond when a teammate isn't pulling their weight?,Software Engineer,"When faced with conflict, I approach it calmly and try to understand all perspectives before finding a solution together. How do you respond when a teammate isn't pulling their weight?","['disagree', 'conflict']",any,0.5563463388832078
What type of company culture do you thrive in?,QA Analyst,"I thrive in collaborative, transparent environments where innovation and respect are valued. What type of company culture do you thrive in?","['fit', 'environment']",any,0.59637880382563
How do you handle disagreements within a team?,Marketing Associate,"I believe communication and mutual respect are key to successful collaboration. In one project, we achieved X because of great teamwork. How do you handle disagreements within a team?","['group', 'team']",mid_level,0.6235858193041857
What drives your passion for this field?,Software Engineer,I'm motivated by challenges and the opportunity to grow both personally and professionally. What drives your passion for this field?,"['why', 'reason']",any,0.654426397435019
Tell me about a time you mentored someone.,HR Specialist,"I lead by example and encourage open communication and accountability. One time, I led a team through X and we achieved Y. Tell me about a time you mentored someone.","['guide', 'mentor']",any,0.5979879250524729
What makes a good leader in your opinion?,Data Scientist,"I lead by example and encourage open communication and accountability. One time, I led a team through X and we achieved Y. What makes a good leader in your opinion?","['mentor', 'lead']",mid_level,0.5828105239229249
How do you delegate tasks effectively?,Data Scientist,"I lead by example and encourage open communication and accountability. One time, I led a team through X and we achieved Y. How do you delegate tasks effectively?","['guide', 'lead']",mid_level,0.6119947794292914
Describe a project where teamwork was essential to success.,Marketing Associate,"I believe communication and mutual respect are key to successful collaboration. In one project, we achieved X because of great teamwork. Describe a project where teamwork was essential to success.","['team', 'cooperate']",mid_level,0.6113010655257185
Why do you want to work at our company?,Software Engineer,I'm motivated by challenges and the opportunity to grow both personally and professionally. Why do you want to work at our company?,"['goal', 'passion']",any,0.6853387195664871
What makes a good leader in your opinion?,DevOps Engineer,"I lead by example and encourage open communication and accountability. One time, I led a team through X and we achieved Y. What makes a good leader in your opinion?","['mentor', 'manage']",mid_level,0.5828105239229249
Describe a time you failed and what you learned from it.,Marketing Associate,"I'm always eager to learn and embrace change as a way to improve. For example, I once had to switch to a new tech stack and picked it up quickly. Describe a time you failed and what you learned from it.","['flexible', 'learn']",any,0.5919535201268675
How does this role fit into your career path?,DevOps Engineer,My long-term goal is to grow into a senior role where I can contribute more strategically and mentor others. This role brings me closer to that. How does this role fit into your career path?,"['aspiration', 'next step']",any,0.66916617535785
Tell me about a time you mentored someone.,Data Scientist,"I lead by example and encourage open communication and accountability. One time, I led a team through X and we achieved Y. Tell me about a time you mentored someone.","['supervise', 'manage']",any,0.5979879250524729
What are your long-term career aspirations?,UX Designer,My long-term goal is to grow into a senior role where I can contribute more strategically and mentor others. This role brings me closer to that. What are your long-term career aspirations?,"['plan', 'aspiration']",any,0.6780763217595874
What motivates you to come to work every day?,Product Manager,I'm motivated by challenges and the opportunity to grow both personally and professionally. What motivates you to come to work every day?,"['drive', 'passion']",any,0.6589920496599331
Describe a time you handled a difficult situation professionally.,QA Analyst,"When faced with conflict, I approach it calmly and try to understand all perspectives before finding a solution together. Describe a time you handled a difficult situation professionally.","['resolve', 'problem']",any,0.630891609378978
Where do you see yourself in 5 years?,HR Specialist,My long-term goal is to grow into a senior role where I can contribute more strategically and mentor others. This role brings me closer to that. Where do you see yourself in 5 years?,"['next step', 'dream']",mid_level,0.6512420774993313
Tell me about a time you had to learn something completely new quickly.,Product Manager,"I'm always eager to learn and embrace change as a way to improve. For example, I once had to switch to a new tech stack and picked it up quickly. Tell me about a time you had to learn something completely new quickly.","['new', 'change']",any,0.6092548491817011
How do you contribute to a positive team environment?,Data Scientist,"I thrive in collaborative, transparent environments where innovation and respect are valued. How do you contribute to a positive team environment?","['company', 'belief']",mid_level,0.5952123811686885
